Category,Term
Vertigo-related,vertigo
Vertigo-related,dizziness
Vertigo-related,vertiginous
Vertigo-related,dizzy
Vertigo-related,meniere
Vertigo-related,vestibular
Vertigo-related,motion sickness
Vertigo-related,balance disorder
Vertigo-related,balance dysfunction
Vertigo-related,postural instability
Vertigo-related,disequilibrium
Acupuncture-related (12 of 23 confirmed in Methods),acupuncture
Acupuncture-related (12 of 23 confirmed in Methods),electroacupuncture
Acupuncture-related (12 of 23 confirmed in Methods),moxibustion
Acupuncture-related (12 of 23 confirmed in Methods),acupressure
Acupuncture-related (12 of 23 confirmed in Methods),auricular acupuncture
Acupuncture-related (12 of 23 confirmed in Methods),scalp acupuncture
Acupuncture-related (12 of 23 confirmed in Methods),TEAS
Acupuncture-related (12 of 23 confirmed in Methods),pharmacopuncture
Acupuncture-related (12 of 23 confirmed in Methods),acupotomy
Acupuncture-related (12 of 23 confirmed in Methods),needle-knife
Acupuncture-related (12 of 23 confirmed in Methods),catgut embedding
Acupuncture-related (12 of 23 confirmed in Methods),dry needling
