Pair,Vertigo-related term,Acupuncture-related term,query.term value
1,vertigo,acupuncture,vertigo AND acupuncture
2,vertigo,electroacupuncture,vertigo AND electroacupuncture
3,vertigo,moxibustion,vertigo AND moxibustion
4,vertigo,acupressure,vertigo AND acupressure
5,vertigo,auricular acupuncture,vertigo AND auricular acupuncture
6,vertigo,scalp acupuncture,vertigo AND scalp acupuncture
7,vertigo,transcutaneous electrical acupoint stimulation (TEAS),vertigo AND transcutaneous electrical acupoint stimulation (TEAS)
8,dizziness,acupuncture,dizziness AND acupuncture
9,dizziness,electroacupuncture,dizziness AND electroacupuncture
10,dizziness,moxibustion,dizziness AND moxibustion
11,dizziness,acupressure,dizziness AND acupressure
12,dizziness,auricular acupuncture,dizziness AND auricular acupuncture
13,dizziness,scalp acupuncture,dizziness AND scalp acupuncture
14,dizziness,transcutaneous electrical acupoint stimulation (TEAS),dizziness AND transcutaneous electrical acupoint stimulation (TEAS)
15,Meniere,acupuncture,Meniere AND acupuncture
16,Meniere,electroacupuncture,Meniere AND electroacupuncture
17,Meniere,moxibustion,Meniere AND moxibustion
18,Meniere,acupressure,Meniere AND acupressure
19,Meniere,auricular acupuncture,Meniere AND auricular acupuncture
20,Meniere,scalp acupuncture,Meniere AND scalp acupuncture
21,Meniere,transcutaneous electrical acupoint stimulation (TEAS),Meniere AND transcutaneous electrical acupoint stimulation (TEAS)
22,BPPV,acupuncture,BPPV AND acupuncture
23,BPPV,electroacupuncture,BPPV AND electroacupuncture
24,BPPV,moxibustion,BPPV AND moxibustion
25,BPPV,acupressure,BPPV AND acupressure
26,BPPV,auricular acupuncture,BPPV AND auricular acupuncture
27,BPPV,scalp acupuncture,BPPV AND scalp acupuncture
28,BPPV,transcutaneous electrical acupoint stimulation (TEAS),BPPV AND transcutaneous electrical acupoint stimulation (TEAS)
29,vestibular migraine,acupuncture,vestibular migraine AND acupuncture
30,vestibular migraine,electroacupuncture,vestibular migraine AND electroacupuncture
31,vestibular migraine,moxibustion,vestibular migraine AND moxibustion
32,vestibular migraine,acupressure,vestibular migraine AND acupressure
33,vestibular migraine,auricular acupuncture,vestibular migraine AND auricular acupuncture
34,vestibular migraine,scalp acupuncture,vestibular migraine AND scalp acupuncture
35,vestibular migraine,transcutaneous electrical acupoint stimulation (TEAS),vestibular migraine AND transcutaneous electrical acupoint stimulation (TEAS)
Broad,—,—,vertigo OR dizziness OR Meniere
