reg_id,year,disease,design,blinding,n,intervention,control,primary,location,status
ITMCTR2026001675,2026,Cervical,RCT-parallel,Not stated,76,Nape 7-needle+moxi,Betahistine,ESCV;TCD,Hangzhou,Not yet
ITMCTR2026001516,2026,Peripheral(Yang),RCT-parallel,Not stated,60,Thread embedding,Betahistine,DHI,Chengdu,Not yet
ITMCTR2026001291,2026,PCI,RCT-parallel,Not stated,80,Six-Qi acupuncture,Conventional,Clin.efficacy,Shanghai,Not yet
ITMCTR2026000775,2026,PCI,RCT-parallel,Assessor blind,60,Head 7-needle,Betahistine,DHI;DARS,Wuhu,Recruiting
ITMCTR2026000378,2026,PCI,RCT-parallel,Assessor blind,60,Acup.+press needle,Conventional,VAS;TCD,Guiyang,Not yet
ITMCTR2025002341,2025,BPPV,RCT-parallel,Subj+assessor,80,Acup.+betahistine,Betahistine,DHI;RDW,Zhuhai,Completed
ITMCTR2025001283,2025,Post-stroke,RCT-3arm,Not stated,234,Acup.;Sham,Betahistine,DHI,Chengdu,Not yet
ITMCTR2025001259,2025,Cervical,RCT-parallel,Not stated,84,Nape 7-needle,Conv.acu,CV Scale,Jinan,Completed
ITMCTR2025000901,2025,CSVD-dizziness,RCT-parallel,Not stated,76,Acup.+vest.rehab,Vest.rehab,DHI,Fuzhou,Completed
ITMCTR2026000206,2026,PPPD,RCT-3arm,Not stated,60,Auricular press+VRT,VRT;Sham aur,Duration,Zhengzhou,Not yet
ITMCTR2026000347,2026,Vestibular migraine,Non-random,Not stated,80,Acup. at GB20,Acup.(same),Multimodal MRI,Beijing,Recruiting
