reg_id,title_keyword,year,reg_date,study_type,study_design,blinding,sample_size,disease_subtype,intervention_detail,control_detail,primary_outcome,secondary_outcomes,location,funding,status,notes
ChiCTR2600129448,针刺 BPPV 残余头晕,2026,2026-08-05,Interventional,Randomized parallel,Open-label,124,BPPV,"Acupuncture(GV20,SI19,bilateral GB20,bilateral TE3,yunting area,Xinwu)+Brandt-Daroff",Brandt-Daroff vestibular rehabilitation,VAS at 2 weeks,DHI;Time to resolution(days);ABR abnormality rate,"Hefei,Anhui",Anhui Provincial TCM Inheritance and Innovation Project,Completed,Retrospective reg;Shuguang Hospital(Anhui)
ChiCTR2400087030,针刺 后循环缺血 眩晕,2024,2024-07-17,Interventional,Randomized parallel,Assessor+statistician blinded,228,Posterior circulation ischemia,"Acupuncture(GV14,bilateral GB20,bilateral GB12,bilateral LR3)+basic treatment",Sham acupuncture(non-acupoints);Betahistine 6mg tid,DHI,DARS;Dizziness frequency;Dizziness duration;VAS;TCD,"Chengdu,Sichuan",Pestle Needle Project 2022CP0992(Note:funding title mismatch),Not yet recruiting,3-arm;Prospective;Multi-center(3 sites)
ChiCTR2400081857,通阳药游罐 毫针针刺 颈性眩晕,2024,2024-03-14,Interventional,Randomized parallel,Statistician blinded,74,Cervical vertigo,Tongyang medicine cupping+filiform needle acupuncture,Betahistine mesylate tablets,Cervical Vertigo Symptom and Function Scale,DHI;Northwick Park Neck Pain Scale;TCD,"Taiyuan,Shanxi",Self-funded,Not yet recruiting,Shanxi Acupuncture Hospital;Prospective
ChiCTR2400080759,调神三针 脐针 颈性眩晕,2024,2024-02-06,Interventional,Randomized parallel(3-arm),Single-blind(subject+assessor),99,Cervical vertigo(Qi-blood deficiency),GrpA:Tiaoshen 3-needle+umbilical;GrpB:Tiaoshen 3-needle+conventional;GrpC:Umbilical only,3-arm inter-comparison(no drug control),Cervical Vertigo Scale;Qi-Blood Deficiency Syndrome Scale,"Vertebral artery:diameter,PSV,EDV,PI,RI","Hangzhou,Zhejiang",Zhejiang TCM Sci-Tech Project 2023ZL137,Not yet recruiting,Pilot/exploratory(Phase 0);Secondary hospital
ChiCTR2300079281,黄帝内针 耳石症 残余眩晕,2023,2023-12-29,Interventional,Randomized parallel,Single-blind(subject+assessor),60,BPPV(otolithiasis),Huangdi internal acupuncture,Betahistine mesylate tablets,DHI,Vertigo Clinical Symptom Scale;VAS;Grade efficacy,"Qionglai,Sichuan",2023 Chengdu Medical Research Project,Not yet recruiting,Tertiary B;5 follow-up timepoints(to 30d)
ChiCTR2300076015,针刺 BPPV 残余头晕 非劣效,2023,2023-09-21,Interventional,Randomized parallel,None(open-label),84,BPPV,Acupuncture(points unspecified),Betahistine mesylate tablets,DHI,VAS;HAMD,"Jinan,Shandong",Self-funded,Recruiting,Non-inferiority;Pilot;Prospective
ChiCTR2300074551,头皮针 电刺激 外周性眩晕,2023,2023-08-09,Interventional,Randomized parallel,None,120,Peripheral vertigo,Scalp acupuncture electrical stimulation,Pharmacological treatment(unspecified),DHI;HADS,None listed,"Wuhan,Hubei",Hospital research project funds,Recruiting,Multi-center(Tongji+Hubei);8 timepoints to 6mo
ChiCTR2300073176,针刺 耳三针 BPPV 残余头晕,2023,2023-07-04,Interventional,Zelen randomized,None,100,BPPV,"Acupuncture(affected SI19,GB2,GB12)",Betahistine 6mg tid,DHI;RDW,Oxidative stress;Inflammatory markers;Rs-fMRI,"Zhuhai,Guangdong",Self-funded,Recruiting,Zelen design;fMRI;Tertiary A
ChiCTR2200056229,毫针速刺 颈性眩晕 EEG-fMRI,2022,2022-02-02,Interventional,Randomized parallel(3-arm),Subject+assessor+statistician blinded,108,Cervical vertigo,Rapid filiform needling,Sham acupuncture;Oral medication(unspecified),fMRI;EEG;TCD,Vertigo scale;Modified cervical vertigo scale;DHI;TCM scale,"Lianyungang,Jiangsu",Jiangsu Key R&D Program(Social Development),Not yet recruiting,3-arm;EEG-fMRI;Also ITMCTR2200005589
ChiCTR2200055867,针刺 三风穴 后循环缺血眩晕,2022,2022-01-21,Interventional,Randomized parallel,Assessor+TCD+analyst blinded,116,Posterior circulation ischemia,Acupuncture at San Feng(posterior neck),Sham acupuncture(non-penetrating),DARS;TCD;Ultrasound efficacy,Acupuncture tolerance;Drug records;Adverse events,"Shenzhen,Guangdong",Hospital clinical research project,Recruiting,Sham-controlled;Immediate effect;Also ITMCTR2200005551
ChiCTR2100051753,针刺 手法 眩晕 MRI,2021,2021-10-02,Interventional,Randomized parallel,Not stated,124,Posterior circulation ischemia,Manipulation+acupuncture(points unspecified),Drug(unspecified),Blood perfusion(MRI),None listed,Shanghai,Shanghai Songjiang District Science and Technology Commission,Not yet recruiting,Pilot;MRI perfusion;Also ITMCTR2200006171
ChiCTR2100047162,针刀 前庭性眩晕 急性,2021,2021-06-09,Interventional,Randomized parallel,Not stated,146,Vestibular vertigo(acute),Acupotomy,Betahistine,DHI;VSI;UCLA-DQ;Timing balance;Berg balance scale;EEG,None(6 co-primary),"Chengdu,Sichuan",Hospital of Chengdu University of TCM,Recruiting,6 co-primary outcomes;Also ITMCTR2100004929
ChiCTR2000039716,毫针速刺 颈性眩晕 MRI,2020,2020-11-06,Interventional,Randomized parallel(3-arm),Subject blinded,108,Cervical vertigo,Quick needling with filiform needle,Sham acupuncture;Oral drug(unspecified),Multimodal fMRI;Color Doppler ultrasound,Vertigo symptom scale;Modified cervical vertigo scale;DHI,"Lianyungang,Jiangsu",Lianyungang Health Committee Research Project,Recruiting,Pilot;3-arm;Also ITMCTR2100004431
ChiCTR2000036713,针刀 手法 颈性眩晕,2020,2020-08-24,Interventional,Randomized parallel(4-arm),Not stated,360,Cervical vertigo,Grp1:Acupotomy;Grp2:Balance manipulation;Grp3:Acupuncture;Grp4:Traditional massage,4-arm inter-comparison,DHI,Recurrence rate;QOL;TCD;Neck X-ray,Shanghai,Shanghai Shenkang Hospital Development Center,Not yet recruiting,4-arm;Multi-center(3 hospitals);Also ITMCTR2000003943
ChiCTR-IOR-16009919,电针 颈性眩晕,2016,2016-11-18,Interventional,Randomized parallel,Not stated,124,Cervical vertigo,Epidural block+electroacupuncture,Epidural block alone,Cervical Vertigo Scale;DHI,TCD,"Urumqi,Xinjiang",Self-funded,Not yet recruiting,Pragmatic RCT;Oldest trial in dataset
