source,reg_id,title,year,status
ChiCTR,ChiCTR2600129448,针刺 BPPV 残余头晕,2026,已提取
ChiCTR,ChiCTR2400087030,针刺 后循环缺血 眩晕,2024,
ChiCTR,ChiCTR2400081857,通阳药游罐 毫针针刺 颈性眩晕,2024,
ChiCTR,ChiCTR2400080759,调神三针 脐针 颈性眩晕,2024,
ChiCTR,ChiCTR2300079281,黄帝内针 耳石症 残余眩晕,2023,
ChiCTR,ChiCTR2300076015,针刺 BPPV 残余头晕 非劣效,2023,
ChiCTR,ChiCTR2300074551,头皮针 电刺激 外周性眩晕,2023,
ChiCTR,ChiCTR2300073176,针刺 耳三针 BPPV 残余头晕,2023,
ChiCTR,ChiCTR2200056229,毫针速刺 颈性眩晕 EEG-fMRI,2022,
ChiCTR,ChiCTR2200055867,针刺 三风穴 后循环缺血眩晕,2022,
ChiCTR,ChiCTR2100051753,针刺 手法 眩晕 MRI,2021,
ChiCTR,ChiCTR2100047162,针刀 前庭性眩晕 急性,2021,
ChiCTR,ChiCTR2000039716,毫针速刺 颈性眩晕 MRI,2020,
ChiCTR,ChiCTR2000036713,针刀 手法 颈性眩晕,2020,
ChiCTR,ChiCTR-IOR-16009919,电针 颈性眩晕,2016,
ITMCTR,ITMCTR2026001675,项七针 压灸 颈性眩晕,2026,针刺+灸法
ITMCTR,ITMCTR2026001516,穴位埋线 阳虚水犯 周围性眩晕,2026,需确认是否纳入
ITMCTR,ITMCTR2026001291,六气针法 后循环缺血 眩晕,2026,
ITMCTR,ITMCTR2026000775,头七针 后循环缺血性眩晕,2026,
ITMCTR,ITMCTR2026000378,针刺 揿针 后循环缺血 眩晕,2026,
ITMCTR,ITMCTR2025002341,针刺 BPPV 残余头晕,2025,
ITMCTR,ITMCTR2025001283,针刺 卒中后血管性眩晕,2025,
ITMCTR,ITMCTR2025001259,项七针 颈性眩晕 rs-fMRI,2025,
ITMCTR,ITMCTR2025000901,针刺 脑小血管病 头晕,2025,
ITMCTR,ITMCTR2026000206,揿针 耳甲区 PPPD,2026,揿针=皮内针
ITMCTR,ITMCTR2026000347,针刺 风池穴 前庭性偏头痛,2026,
ITMCTR,ITMCTR2100004929,针刀 前庭性眩晕,2021,
ITMCTR,ITMCTR2000003770,晕平方 前庭性偏头痛,2020,需确认是否针刺
ITMCTR,ITMCTR2025000249,强力定眩片 慢性脑缺血 眩晕,2025,需确认是否针刺
ITMCTR,ITMCTR2025000184,脊柱松动术 颈性眩晕,2025,需确认是否针刺
ITMCTR,ITMCTR2200005589,毫针速刺 颈性眩晕 EEG-fMRI,2022,
ITMCTR,ITMCTR2200005551,针刺 三风穴 后循环缺血眩晕,2022,
ITMCTR,ITMCTR2100005043,金匮泽泻汤 BPPV,2021,需确认是否针刺
ITMCTR,ITMCTR2100004431,毫针速刺 颈性眩晕 MRI,2020,
ITMCTR,ITMCTR2000003943,针刀 手法 颈性眩晕,2020,
ITMCTR,ITMCTR2024000793,眩晕病 多学科 临床医学研究中心,2024,需确认是否纳入
